"your_table_id","filepath","id"
"627","2024-0-00-2.jpeg",1
"377","2024-0-00-3.jpeg",2
"7","2024-0-00-4.jpeg",3
"24","2024-0-00-7.jpeg",4
"415","2024-0-00-9.jpeg",5
"529","MD-00.jpeg",6
"21","MD-03.jpeg",7
"989","MD-03.jpeg",8
"542","MD-08.jpeg",9
"589","MD-08.jpeg",10
"617","MD-12.jpeg",11
"506","MD-33.jpeg",12
"837","MD-35.jpeg",13
"1156","2022-7-14-412-CREAMWARE.jpg",14
"400","2022-7-12-429-E,F,G-PEARLWARE.jpg",15
"426","2022-7-12-429-E,F,G-PEARLWARE.jpg",16
"958","2022-7-12-429-E,F,G-PEARLWARE.jpg",17
"479","2022-5-25-235-EARTHENWARE.jpg",18
"340","2021-6-1-56-GLASS_1.jpg",19
"395","2022-7-19-380-PORCELAIN.jpg",20
"1196","2022-7-11-297-RHENISHSTONEWARE_1.jpg",21
"58","2022-6-10-281-B,C-EARTHENWARE.jpg",22
"702","2022-6-10-281-B,C-EARTHENWARE.jpg",23
"979","2022-7-21-411-A,B,C-EARTHENWARE_1.jpg",24
"592","2022-7-21-411-A,B,C-EARTHENWARE_1.jpg",25
"606","2022-7-21-411-A,B,C-EARTHENWARE_1.jpg",26
"1120","2021-6-1-11-D-CREAMWARE.jpg",27
"979","2022-7-21-411-A,B,C-EARTHENWARE_3.jpg",28
"592","2022-7-21-411-A,B,C-EARTHENWARE_3.jpg",29
"606","2022-7-21-411-A,B,C-EARTHENWARE_3.jpg",30
"1215","2021-6-7-112-A-REDWARE.jpg",31
"1216","2022-9-29-576-PEARLWARE.jpg",32
"1052","2021-6-2-183-CERAMIC_2.jpg",33
"198","2022-7-1-439-PEARLWARE.jpg",34
"773","2022-5-25-222-EARTHENWARE.jpg",35
"1010","2022-7-27-453-GLASS_1.jpg",36
"992","2021-10-17-208-PIPESTEM.jpg",37
"998","2022-7-14-414-STONEWARE_1.jpg",38
"1223","2022-7-22-517-BONE_1.jpg",39
"594","2019-9-1-289-STONEWARE_2.jpg",40
"147","2022-7-12-392-GLASS.jpg",41
"623","2021-5-19-90-C-EARTHENWARE.jpg",42
"148","2022-7-21-402-GLASS.jpg",43
"1184","2021-5-17-29-CERAMIC_2.jpg",44
"297","2022-7-26-491-A,B,C-PEARLWARE.jpg",45
"990","2022-7-26-491-A,B,C-PEARLWARE.jpg",46
"365","2022-7-26-491-A,B,C-PEARLWARE.jpg",47
"784","2022-8-4-514-PIPESTEM.jpg",48
"652","2022-7-14-415-REDWARE_2.jpg",49
"131","2022-7-7-367-GLASS_1.jpg",50
"967","2022-7-16-570-B,M-EARTHENWARE_1.jpg",51
"736","2022-7-16-570-B,M-EARTHENWARE_1.jpg",52
"959","2022-7-12-375-CREAMWARE.jpg",53
"41","2021-5-12-171-PIPESTEM_1.jpg",54
"102","2022-7-12-397-PEARLWARE.jpg",55
"826","2022-7-12-404-GLASS_1.jpg",56
"60","2022-7-26-505-GLASS.jpg",57
"28","2022-5-31-276-PIPESTEM.jpg",58
"594","2019-9-1-289-STONEWARE_1.jpg",59
"984","2021-5-19-42-BONE.jpg",60
"877","2022-5-26-243-REDWARE_2.jpg",61
"1086","2022-7-27-511-GLASS_2.jpg",62
"953","2022-7-16-570-K,L-EARTHENWARE.jpg",63
"656","2022-7-16-570-K,L-EARTHENWARE.jpg",64
"603","2021-5-14-133-GLASS_2.jpg",65
"203","2021-6-23-2-BONE_1.jpg",66
"916","2021-6-2-179-CERAMIC_3.jpg",67
"700","2022-7-5-443-GLASS_2.jpg",68
"1149","2022-7-16-570-C,D,E,F-EARTHENWARE.jpg",69
"648","2022-7-16-570-C,D,E,F-EARTHENWARE.jpg",70
"526","2022-7-16-570-C,D,E,F-EARTHENWARE.jpg",71
"851","2022-7-16-570-C,D,E,F-EARTHENWARE.jpg",72
"87","2022-7-12-308-CREAMWARE.jpg",73
"51","2022-8-4-474-A,B,C,D-GLASS_1.jpg",74
"287","2022-8-4-474-A,B,C,D-GLASS_1.jpg",75
"54","2022-8-4-474-A,B,C,D-GLASS_1.jpg",76
"55","2022-8-4-474-A,B,C,D-GLASS_1.jpg",77
"67","2022-7-14-504-A,B,C,D,E,F,G-GLASS_2.jpg",78
"73","2022-7-14-504-A,B,C,D,E,F,G-GLASS_2.jpg",79
"74","2022-7-14-504-A,B,C,D,E,F,G-GLASS_2.jpg",80
"81","2022-7-14-504-A,B,C,D,E,F,G-GLASS_2.jpg",81
"191","2022-7-14-504-A,B,C,D,E,F,G-GLASS_2.jpg",82
"84","2022-7-14-504-A,B,C,D,E,F,G-GLASS_2.jpg",83
"162","2022-7-14-504-A,B,C,D,E,F,G-GLASS_2.jpg",84
"901","2022-7-7-349-C,D-REDWARE.jpg",85
"629","2022-7-7-349-C,D-REDWARE.jpg",86
"165","2022-7-12-556-BONE.jpg",87
"1102","2021-6-22-84-Ceramic_2.jpg",88
"603","2021-5-14-133-GLASS_1.jpg",89
"61","2022-6-7-277-B,C,D,E,F-EARTHENWARE_1.jpg",90
"62","2022-6-7-277-B,C,D,E,F-EARTHENWARE_1.jpg",91
"844","2022-6-7-277-B,C,D,E,F-EARTHENWARE_1.jpg",92
"20","2022-6-7-277-B,C,D,E,F-EARTHENWARE_1.jpg",93
"31","2022-6-7-277-B,C,D,E,F-EARTHENWARE_1.jpg",94
"919","2022-7-1-436-A,B-CREAMWARE.jpg",95
"957","2022-7-1-436-A,B-CREAMWARE.jpg",96
"1010","2022-7-27-453-GLASS_2.jpg",97
"1111","2021-5-18-21-BONE_1.jpg",98
"945","2022-7-28-459-A,B,C,D,E-CREAMWARE.jpg",99
"549","2022-7-28-459-A,B,C,D,E-CREAMWARE.jpg",100
"1032","2022-7-28-459-A,B,C,D,E-CREAMWARE.jpg",101
"1033","2022-7-28-459-A,B,C,D,E-CREAMWARE.jpg",102
"464","2022-7-28-459-A,B,C,D,E-CREAMWARE.jpg",103
"37","2022-6-30-334-STONEWARE_2.jpg",104
"1074","2022-7-28-460-A,B,C,D-GLASS_1.jpg",105
"334","2022-7-28-460-A,B,C,D-GLASS_1.jpg",106
"1012","2022-7-28-460-A,B,C,D-GLASS_1.jpg",107
"1084","2022-7-28-460-A,B,C,D-GLASS_1.jpg",108
"299","2022-8-4-471-PEARLWARE.jpg",109
"966","2021-6-7-114-EARTHENWARE.jpg",110
"207","2021-5-7-59-BONE_2.jpg",111
"1158","2022-8-4-478-A,B-PEARLWARE.jpg",112
"1159","2022-8-4-478-A,B-PEARLWARE.jpg",113
"1196","2022-7-11-297-RHENISHSTONEWARE_2.jpg",114
"181","2022-7-14-408-GLASS.jpg",115
"1253","2021-4-23-104-REDWARE.jpg",116
"66","2022-7-26-493-A,B-GLASS_2.jpg",117
"52","2022-7-26-493-A,B-GLASS_2.jpg",118
"59","2022-7-22-487-GLASS_2.jpg",119
"1201","2022-6-20-361-STONEWARE_3.jpg",120
"436","2022-5-27-224-BONE.jpg",121
"677","2022-6-20-362-A,B-CREAMWARE.jpg",122
"678","2022-6-20-362-A,B-CREAMWARE.jpg",123
"1071","2022-7-1-438-A,B,C,D-GLASS_1.jpg",124
"1072","2022-7-1-438-A,B,C,D-GLASS_1.jpg",125
"321","2022-7-1-438-A,B,C,D-GLASS_1.jpg",126
"699","2022-7-1-438-A,B,C,D-GLASS_1.jpg",127
"1184","2021-5-17-29-CERAMIC_4.jpg",128
"1042","2022-6-10-196-PIPESTEM.jpg",129
"427","2021-5-24-27-BONE_2.jpg",130
"434","2022-5-27-261-A,B-EARTHENWARE.jpg",131
"776","2022-5-27-261-A,B-EARTHENWARE.jpg",132
"812","2021-6-23-61-GLASS_2.jpg",133
"61","2022-6-7-277-B,C,D,E,F-EARTHENWARE_3.jpg",134
"62","2022-6-7-277-B,C,D,E,F-EARTHENWARE_3.jpg",135
"844","2022-6-7-277-B,C,D,E,F-EARTHENWARE_3.jpg",136
"20","2022-6-7-277-B,C,D,E,F-EARTHENWARE_3.jpg",137
"31","2022-6-7-277-B,C,D,E,F-EARTHENWARE_3.jpg",138
"371","2022-7-11-301-PEARLWARE.jpg",139
"1091","2022-5-25-418-GLASS_1.jpg",140
"1183","2021-4-23-32-GLASS_2.jpg",141
"1184","2021-5-17-29-CERAMIC_3.jpg",142
"1111","2021-5-18-21-BONE_2.jpg",143
"89","2022-7-8-310-D,E,F-EARTHENWARE_2.jpg",144
"92","2022-7-8-310-D,E,F-EARTHENWARE_2.jpg",145
"1075","2022-7-8-310-D,E,F-EARTHENWARE_2.jpg",146
"664","2022-7-8-357-C,D,E,F,G,I-CREAMWARE.jpg",147
"653","2022-7-8-357-C,D,E,F,G,I-CREAMWARE.jpg",148
"936","2022-7-8-357-C,D,E,F,G,I-CREAMWARE.jpg",149
"811","2022-7-8-357-C,D,E,F,G,I-CREAMWARE.jpg",150
"635","2022-7-8-357-C,D,E,F,G,I-CREAMWARE.jpg",151
"821","2022-7-8-357-C,D,E,F,G,I-CREAMWARE.jpg",152
"1086","2022-7-27-511-GLASS_1.jpg",153
"759","2022-8-4-472-A,B-CREAMWARE.jpg",154
"485","2022-8-4-472-A,B-CREAMWARE.jpg",155
"1141","2022-7-16-525-B,C-WHITEWARE_2.jpg",156
"1131","2022-7-16-525-B,C-WHITEWARE_2.jpg",157
"281","2022-7-22-428-A,B,C,D,E,F,G,H,I,J,K-GLASS_1.jpg",158
"336","2022-7-22-428-A,B,C,D,E,F,G,H,I,J,K-GLASS_1.jpg",159
"290","2022-7-22-428-A,B,C,D,E,F,G,H,I,J,K-GLASS_1.jpg",160
"680","2022-7-22-428-A,B,C,D,E,F,G,H,I,J,K-GLASS_1.jpg",161
"681","2022-7-22-428-A,B,C,D,E,F,G,H,I,J,K-GLASS_1.jpg",162
"996","2022-7-22-428-A,B,C,D,E,F,G,H,I,J,K-GLASS_1.jpg",163
"997","2022-7-22-428-A,B,C,D,E,F,G,H,I,J,K-GLASS_1.jpg",164
"363","2022-7-22-428-A,B,C,D,E,F,G,H,I,J,K-GLASS_1.jpg",165
"240","2022-7-22-428-A,B,C,D,E,F,G,H,I,J,K-GLASS_1.jpg",166
"286","2022-7-22-428-A,B,C,D,E,F,G,H,I,J,K-GLASS_1.jpg",167
"335","2022-7-22-428-A,B,C,D,E,F,G,H,I,J,K-GLASS_1.jpg",168
"711","2022-7-12-429-B,C-RHENISHSTONEWARE.jpg",169
"70","2022-7-12-429-B,C-RHENISHSTONEWARE.jpg",170
"231","2022-5-24-198-EARTHENWARE_1.jpg",171
"1228","2021-6-7-75-GLASS_2.jpg",172
"728","2022-7-12-381-A,B,C-CREAMWARE.jpg",173
"729","2022-7-12-381-A,B,C-CREAMWARE.jpg",174
"626","2022-7-12-381-A,B,C-CREAMWARE.jpg",175
"61","2022-6-7-277-B,C,D,E,F-EARTHENWARE_2.jpg",176
"62","2022-6-7-277-B,C,D,E,F-EARTHENWARE_2.jpg",177
"844","2022-6-7-277-B,C,D,E,F-EARTHENWARE_2.jpg",178
"20","2022-6-7-277-B,C,D,E,F-EARTHENWARE_2.jpg",179
"31","2022-6-7-277-B,C,D,E,F-EARTHENWARE_2.jpg",180
"122","2022-6-30-332-EARTHENWARE_2.jpg",181
"1248","2021-6-2-137-EARTHENWARE.jpg",182
"638","2022-8-4-477-A,B,C,D,E-CREAMWARE.jpg",183
"778","2022-8-4-477-A,B,C,D,E-CREAMWARE.jpg",184
"579","2022-8-4-477-A,B,C,D,E-CREAMWARE.jpg",185
"622","2022-8-4-477-A,B,C,D,E-CREAMWARE.jpg",186
"1031","2022-8-4-477-A,B,C,D,E-CREAMWARE.jpg",187
"63","2022-6-6-288-A,B,C-EARTHENWARE.jpg",188
"805","2022-6-6-288-A,B,C-EARTHENWARE.jpg",189
"325","2022-6-6-288-A,B,C-EARTHENWARE.jpg",190
"484","2022-5-23-200-EARTHENWARE_1.jpg",191
"1079","2022-7-26-496-CREAMWARE.jpg",192
"1155","2022-7-21-399-EARTHENWARE.jpg",193
"94","2022-5-27-259-EARTHENWARE_2.jpg",194
"387","2022-5-25-232-A,D,E,F,G-EARTHENWARE_1.jpg",195
"40","2022-5-25-232-A,D,E,F,G-EARTHENWARE_1.jpg",196
"350","2022-5-25-232-A,D,E,F,G-EARTHENWARE_1.jpg",197
"833","2022-5-25-232-A,D,E,F,G-EARTHENWARE_1.jpg",198
"1151","2022-5-25-232-A,D,E,F,G-EARTHENWARE_1.jpg",199
"257","2022-7-11-553-A,B,C,D,E,F,G-BONE.jpg",200
"1160","2022-7-11-553-A,B,C,D,E,F,G-BONE.jpg",201
"1132","2022-7-11-553-A,B,C,D,E,F,G-BONE.jpg",202
"473","2022-7-11-553-A,B,C,D,E,F,G-BONE.jpg",203
"431","2022-7-11-553-A,B,C,D,E,F,G-BONE.jpg",204
"329","2022-7-11-553-A,B,C,D,E,F,G-BONE.jpg",205
"450","2022-7-11-553-A,B,C,D,E,F,G-BONE.jpg",206
"1248","2021-6-2-137-EARTHENWARE_3.jpg",207
"976","2022-5-27-260-B,C-EARTHENWARE_2.jpg",208
"169","2022-5-27-260-B,C-EARTHENWARE_2.jpg",209
"407","2021-5-19-48-RHENISHSTONEWARE_2.jpg",210
"537","2022-6-6-567-EARTHENWARE_2.jpg",211
"360","2022-7-28-462-GLASS_2.jpg",212
"1089","2021-5-20-24-TOOTH.jpg",213
"266","2022-7-26-532-BONE.jpg",214
"202","2022-6-18-201-PIPESTEM.jpg",215
"788","2022-7-12-229-PIPESTEM.jpg",216
"163","2021-10-9-521-EARTHENWARE_1.jpg",217
"497","2022-6-6-480-A,B-REDWARE.jpg",218
"845","2022-6-6-480-A,B-REDWARE.jpg",219
"591","2021-5-18-19-PIPESTEM_1.jpg",220
"904","2022-5-26-238-PORCELAIN.jpg",221
"362","2021-5-13-1-TOOTH.jpg",222
"826","2022-7-12-404-GLASS_2.jpg",223
"1152","2021-5-24-44-GLASS_2.jpg",224
"998","2022-7-14-414-STONEWARE_2.jpg",225
"1248","2021-6-2-137-EARTHENWARE_2.jpg",226
"916","2021-6-2-179-PEARLWARE.jpg",227
"533","2021-5-19-88-STONEWARE_3.jpg",228
"1199","2021-4-21-74-GLASS_2.jpg",229
"1194","2021-5-19-50-EARTHENWARE.jpg",230
"208","2021-6-1-13-STONEWARE_2.jpg",231
"652","2022-7-14-415-REDWARE_1.jpg",232
"298","2022-7-26-497-A,B,C-PEARLWARE.jpg",233
"235","2022-7-26-497-A,B,C-PEARLWARE.jpg",234
"267","2022-7-26-497-A,B,C-PEARLWARE.jpg",235
"146","2022-7-21-313-A,B-GLASS_2.jpg",236
"237","2022-7-21-313-A,B-GLASS_2.jpg",237
"779","2022-7-7-368-A,B,C,D,E,F-REDWARE.jpg",238
"230","2022-7-7-368-A,B,C,D,E,F-REDWARE.jpg",239
"307","2022-7-7-368-A,B,C,D,E,F-REDWARE.jpg",240
"550","2022-7-7-368-A,B,C,D,E,F-REDWARE.jpg",241
"551","2022-7-7-368-A,B,C,D,E,F-REDWARE.jpg",242
"552","2022-7-7-368-A,B,C,D,E,F-REDWARE.jpg",243
"1223","2022-7-22-517-BONE_2.jpg",244
"1052","2021-6-2-183-CERAMIC_1.jpg",245
"836","2022-6-28-445-CREAMWARE.jpg",246
"209","2021-5-18-20-BONE_1.jpg",247
"183","2022-7-22-486-EARTHENWARE_2.jpg",248
"95","2022-5-24-213-PORCELAIN.jpg",249
"695","2022-5-24-207-EARTHENWARE_1.jpg",250
"695","2022-5-24-207-EARTHENWARE_2.jpg",251
"304","2022-6-2-195-PIPESTEM.jpg",252
"1201","2022-6-20-361-STONEWARE_1.jpg",253
"67","2022-7-14-504-A,B,C,D,E,F,G-GLASS_1.jpg",254
"73","2022-7-14-504-A,B,C,D,E,F,G-GLASS_1.jpg",255
"74","2022-7-14-504-A,B,C,D,E,F,G-GLASS_1.jpg",256
"81","2022-7-14-504-A,B,C,D,E,F,G-GLASS_1.jpg",257
"191","2022-7-14-504-A,B,C,D,E,F,G-GLASS_1.jpg",258
"84","2022-7-14-504-A,B,C,D,E,F,G-GLASS_1.jpg",259
"162","2022-7-14-504-A,B,C,D,E,F,G-GLASS_1.jpg",260
"289","2022-7-12-427-A,B,C,D,E,F,G-GLASS.jpg",261
"1076","2022-7-12-427-A,B,C,D,E,F,G-GLASS.jpg",262
"223","2022-7-12-427-A,B,C,D,E,F,G-GLASS.jpg",263
"918","2022-7-12-427-A,B,C,D,E,F,G-GLASS.jpg",264
"278","2022-7-12-427-A,B,C,D,E,F,G-GLASS.jpg",265
"1092","2022-7-12-427-A,B,C,D,E,F,G-GLASS.jpg",266
"280","2022-7-12-427-A,B,C,D,E,F,G-GLASS.jpg",267
"1153","2022-7-12-413-A,B-PEARLWARE.jpg",268
"1157","2022-7-12-413-A,B-PEARLWARE.jpg",269
"708","2022-5-31-321-REDWARE.jpg",270
"281","2022-7-22-428-A,B,C,D,E,F,G,H,I,J,K-GLASS_2.jpg",271
"336","2022-7-22-428-A,B,C,D,E,F,G,H,I,J,K-GLASS_2.jpg",272
"290","2022-7-22-428-A,B,C,D,E,F,G,H,I,J,K-GLASS_2.jpg",273
"680","2022-7-22-428-A,B,C,D,E,F,G,H,I,J,K-GLASS_2.jpg",274
"681","2022-7-22-428-A,B,C,D,E,F,G,H,I,J,K-GLASS_2.jpg",275
"996","2022-7-22-428-A,B,C,D,E,F,G,H,I,J,K-GLASS_2.jpg",276
"997","2022-7-22-428-A,B,C,D,E,F,G,H,I,J,K-GLASS_2.jpg",277
"363","2022-7-22-428-A,B,C,D,E,F,G,H,I,J,K-GLASS_2.jpg",278
"240","2022-7-22-428-A,B,C,D,E,F,G,H,I,J,K-GLASS_2.jpg",279
"286","2022-7-22-428-A,B,C,D,E,F,G,H,I,J,K-GLASS_2.jpg",280
"335","2022-7-22-428-A,B,C,D,E,F,G,H,I,J,K-GLASS_2.jpg",281
"346","2022-7-26-534-BONE.jpg",282
"122","2022-6-30-332-EARTHENWARE_1.jpg",283
"565","2022-8-4-470-A,B,C-REDWARE.jpg",284
"195","2022-8-4-470-A,B,C-REDWARE.jpg",285
"474","2022-8-4-470-A,B,C-REDWARE.jpg",286
"85","2022-8-4-515-A,B,C-GLASS.jpg",287
"401","2022-8-4-515-A,B,C-GLASS.jpg",288
"68","2022-8-4-515-A,B,C-GLASS.jpg",289
"250","2022-7-22-490-PEARLWARE.jpg",290
"1188","2022-7-14-508-B,C,E-WHITEWARE_2.jpg",291
"1191","2022-7-14-508-B,C,E-WHITEWARE_2.jpg",292
"1242","2022-7-14-508-B,C,E-WHITEWARE_2.jpg",293
"1102","2021-6-22-84-CERAMIC_1.jpg",294
"277","2022-7-12-416-A,B,C-GLASS_2.jpg",295
"164","2022-7-12-416-A,B,C-GLASS_2.jpg",296
"170","2022-7-12-416-A,B,C-GLASS_2.jpg",297
"758","2022-6-7-284-A,B-GLASS_2.jpg",298
"999","2022-6-7-284-A,B-GLASS_2.jpg",299
"178","2022-7-21-394-A,B-GLASS_2.jpg",300
"185","2022-7-21-394-A,B-GLASS_2.jpg",301
"90","2022-5-25-228-EARTHENWARE.jpg",302
"600","2022-7-22-424-D,E,F-EARHTHENWARE.jpg",303
"189","2022-7-22-424-D,E,F-EARHTHENWARE.jpg",304
"194","2022-7-22-424-D,E,F-EARHTHENWARE.jpg",305
"988","2022-7-8-303-A,B-CREAMWARE.jpg",306
"433","2022-7-8-303-A,B-CREAMWARE.jpg",307
"1100","2021-5-19-49-EARTHENWARE.jpg",308
"1045","2022-7-27-509-B,C,D-EARTHENWARE.jpg",309
"524","2022-7-27-509-B,C,D-EARTHENWARE.jpg",310
"226","2022-7-27-509-B,C,D-EARTHENWARE.jpg",311
"916","2021-6-2-179-CERAMIC_1.jpg",312
"427","2021-5-24-27-BONE_1.jpg",313
"324","2022-6-18-263-A,B,C-RHENISHSTONEWARE_2.jpg",314
"42","2022-6-18-263-A,B,C-RHENISHSTONEWARE_2.jpg",315
"139","2022-6-18-263-A,B,C-RHENISHSTONEWARE_2.jpg",316
"277","2022-7-12-416-A,B,C-GLASS_1.jpg",317
"164","2022-7-12-416-A,B,C-GLASS_1.jpg",318
"170","2022-7-12-416-A,B,C-GLASS_1.jpg",319
"1112","2021-5-19-40-PIPESTEM.jpg",320
"212","2022-7-26-502-EARTHENWARE.jpg",321
"48","2022-7-16-525-D,E,F-PEARLWARE.jpg",322
"1197","2022-7-16-525-D,E,F-PEARLWARE.jpg",323
"1123","2022-7-16-525-D,E,F-PEARLWARE.jpg",324
"859","2022-7-11-339-E,F,G-CREAMWARE.jpg",325
"642","2022-7-11-339-E,F,G-CREAMWARE.jpg",326
"780","2022-7-11-339-E,F,G-CREAMWARE.jpg",327
"1175","2022-7-5-215-A,B-RHENISHSTONEWARE_2.jpg",328
"1195","2022-7-5-215-A,B-RHENISHSTONEWARE_2.jpg",329
"1005","2022-7-12-422-E,F-PEARLWARE.jpg",330
"1006","2022-7-12-422-E,F-PEARLWARE.jpg",331
"127","2021-5-24-38-BONE_2.jpg",332
"976","2022-5-27-260-B,C-EARTHENWARE_1.jpg",333
"169","2022-5-27-260-B,C-EARTHENWARE_1.jpg",334
"283","2022-7-27-455-RHENISHSTONEWARE.jpg",335
"229","2022-7-26-506-A,B-EARTHENWARE.jpg",336
"769","2022-7-26-506-A,B-EARTHENWARE.jpg",337
"430","2022-7-22-520-D,E-BONE_1.jpg",338
"293","2022-7-22-520-D,E-BONE_1.jpg",339
"65","2022-7-26-507-GLASS_2.jpg",340
"232","2022-7-11-307-A,B,C,D,E,F,G,H,I,J-GLASS.jpg",341
"944","2022-7-11-307-A,B,C,D,E,F,G,H,I,J-GLASS.jpg",342
"781","2022-7-11-307-A,B,C,D,E,F,G,H,I,J-GLASS.jpg",343
"782","2022-7-11-307-A,B,C,D,E,F,G,H,I,J-GLASS.jpg",344
"783","2022-7-11-307-A,B,C,D,E,F,G,H,I,J-GLASS.jpg",345
"933","2022-7-11-307-A,B,C,D,E,F,G,H,I,J-GLASS.jpg",346
"264","2022-7-11-307-A,B,C,D,E,F,G,H,I,J-GLASS.jpg",347
"82","2022-7-11-307-A,B,C,D,E,F,G,H,I,J-GLASS.jpg",348
"1068","2022-7-11-307-A,B,C,D,E,F,G,H,I,J-GLASS.jpg",349
"93","2022-7-11-307-A,B,C,D,E,F,G,H,I,J-GLASS.jpg",350
"222","2022-8-4-473-PEARLWARE.jpg",351
"214","2021-9-14-210-PIPESTEM.jpg",352
"1061","2021-6-1-4-RHENISHSTONEWARE.jpg",353
"1167","2022-6-20-343-D,E,F,G-CREAMWARE.jpg",354
"806","2022-6-20-343-D,E,F,G-CREAMWARE.jpg",355
"816","2022-6-20-343-D,E,F,G-CREAMWARE.jpg",356
"634","2022-6-20-343-D,E,F,G-CREAMWARE.jpg",357
"475","2022-7-11-316-REDWARE.jpg",358
"1141","2022-7-16-525-B,C-WHITEWARE_1.jpg",359
"1131","2022-7-16-525-B,C-WHITEWARE_1.jpg",360
"591","2021-5-18-19-PIPESTEM_2.jpg",361
"47","2022-6-1-566-BONE.jpg",362
"593","2022-7-8-310-A,B,C-EARTHENWARE.jpg",363
"810","2022-7-8-310-A,B,C-EARTHENWARE.jpg",364
"743","2022-7-8-310-A,B,C-EARTHENWARE.jpg",365
"177","2022-7-19-378-EARTHENWARE_2.jpg",366
"1061","2021-6-1-4-RHENISHSTONEWARE_2.jpg",367
"732","2021-6-7-539-B,C,D,H-EARTHENEWARE.jpg",368
"417","2021-6-7-539-B,C,D,H-EARTHENEWARE.jpg",369
"1200","2021-6-7-539-B,C,D,H-EARTHENEWARE.jpg",370
"785","2021-6-7-539-B,C,D,H-EARTHENEWARE.jpg",371
"252","2022-7-1-537-BONE_1.jpg",372
"979","2022-7-21-411-A,B,C-EARTHENWARE_2.jpg",373
"592","2022-7-21-411-A,B,C-EARTHENWARE_2.jpg",374
"606","2022-7-21-411-A,B,C-EARTHENWARE_2.jpg",375
"339","2021-6-2-185-EARTHENWARE.jpg",376
"153","2022-7-12-379-A,B,C,D-GLASS.jpg",377
"159","2022-7-12-379-A,B,C,D-GLASS.jpg",378
"160","2022-7-12-379-A,B,C,D-GLASS.jpg",379
"161","2022-7-12-379-A,B,C,D-GLASS.jpg",380
"1243","2022-7-14-508-F,G,H,I-CREAMWARE.jpg",381
"676","2022-7-14-508-F,G,H,I-CREAMWARE.jpg",382
"671","2022-7-14-508-F,G,H,I-CREAMWARE.jpg",383
"672","2022-7-14-508-F,G,H,I-CREAMWARE.jpg",384
"1071","2022-7-1-438-A,B,C,D-GLASS_2.jpg",385
"1072","2022-7-1-438-A,B,C,D-GLASS_2.jpg",386
"321","2022-7-1-438-A,B,C,D-GLASS_2.jpg",387
"699","2022-7-1-438-A,B,C,D-GLASS_2.jpg",388
"59","2022-7-22-487-GLASS_1.jpg",389
"1184","2021-5-17-29-CERAMIC_1.jpg",390
"99","2022-7-21-309-A,B,C-PEARLWARE.jpg",391
"109","2022-7-21-309-A,B,C-PEARLWARE.jpg",392
"493","2022-7-21-309-A,B,C-PEARLWARE.jpg",393
"131","2022-7-7-367-GLASS_2.jpg",394
"614","2022-5-26-250-A,B,-EARTHENWARE.jpg",395
"492","2022-5-26-250-A,B,-EARTHENWARE.jpg",396
"1217","2019-11-15-577-WHITEWARE_1.jpg",397
"183","2022-7-22-486-EARTHENWARE_1.jpg",398
"292","2022-7-28-432-A,B,C,D,E,F,G,H,I,J,K,L-PEARLWARE.jpg",399
"179","2022-7-28-432-A,B,C,D,E,F,G,H,I,J,K,L-PEARLWARE.jpg",400
"180","2022-7-28-432-A,B,C,D,E,F,G,H,I,J,K,L-PEARLWARE.jpg",401
"651","2022-7-28-432-A,B,C,D,E,F,G,H,I,J,K,L-PEARLWARE.jpg",402
"994","2022-7-28-432-A,B,C,D,E,F,G,H,I,J,K,L-PEARLWARE.jpg",403
"302","2022-7-28-432-A,B,C,D,E,F,G,H,I,J,K,L-PEARLWARE.jpg",404
"305","2022-7-28-432-A,B,C,D,E,F,G,H,I,J,K,L-PEARLWARE.jpg",405
"890","2022-7-28-432-A,B,C,D,E,F,G,H,I,J,K,L-PEARLWARE.jpg",406
"883","2022-7-28-432-A,B,C,D,E,F,G,H,I,J,K,L-PEARLWARE.jpg",407
"884","2022-7-28-432-A,B,C,D,E,F,G,H,I,J,K,L-PEARLWARE.jpg",408
"544","2022-7-28-432-A,B,C,D,E,F,G,H,I,J,K,L-PEARLWARE.jpg",409
"196","2022-7-28-432-A,B,C,D,E,F,G,H,I,J,K,L-PEARLWARE.jpg",410
"207","2021-5-7-59-BONE_1.jpg",411
"1238","2022-7-7-363-GLASS.jpg",412
"89","2022-7-8-310-D,E,F-EARTHENWARE_1.jpg",413
"92","2022-7-8-310-D,E,F-EARTHENWARE_1.jpg",414
"1075","2022-7-8-310-D,E,F-EARTHENWARE_1.jpg",415
"964","2022-6-2-330-A,B,C-REDWARE.jpg",416
"553","2022-6-2-330-A,B,C-REDWARE.jpg",417
"760","2022-6-2-330-A,B,C-REDWARE.jpg",418
"416","2022-6-7-292-A,B,C,D,E,F,G,H,I,J,K,L-EARTHENWARE.jpg",419
"72","2022-6-7-292-A,B,C,D,E,F,G,H,I,J,K,L-EARTHENWARE.jpg",420
"422","2022-6-7-292-A,B,C,D,E,F,G,H,I,J,K,L-EARTHENWARE.jpg",421
"413","2022-6-7-292-A,B,C,D,E,F,G,H,I,J,K,L-EARTHENWARE.jpg",422
"980","2022-6-7-292-A,B,C,D,E,F,G,H,I,J,K,L-EARTHENWARE.jpg",423
"79","2022-6-7-292-A,B,C,D,E,F,G,H,I,J,K,L-EARTHENWARE.jpg",424
"80","2022-6-7-292-A,B,C,D,E,F,G,H,I,J,K,L-EARTHENWARE.jpg",425
"930","2022-6-7-292-A,B,C,D,E,F,G,H,I,J,K,L-EARTHENWARE.jpg",426
"158","2022-6-7-292-A,B,C,D,E,F,G,H,I,J,K,L-EARTHENWARE.jpg",427
"793","2022-6-7-292-A,B,C,D,E,F,G,H,I,J,K,L-EARTHENWARE.jpg",428
"75","2022-6-7-292-A,B,C,D,E,F,G,H,I,J,K,L-EARTHENWARE.jpg",429
"227","2022-6-7-292-A,B,C,D,E,F,G,H,I,J,K,L-EARTHENWARE.jpg",430
"171","2022-7-22-420-A,B,C,D-GLASS.jpg",431
"108","2022-7-22-420-A,B,C,D-GLASS.jpg",432
"188","2022-7-22-420-A,B,C,D-GLASS.jpg",433
"197","2022-7-22-420-A,B,C,D-GLASS.jpg",434
"1","2021-5-15-154-BONE_2.jpg",435
"533","2021-5-19-88-REDWARE.jpg",436
"478","2021-5-14-118-CERAMIC_2.jpg",437
"1228","2021-6-7-75-GLASS_1.jpg",438
"826","2022-7-12-404-GLASS_3.jpg",439
"733","2022-7-5-331-A,B-CREAMWARE.jpg",440
"846","2022-7-5-331-A,B-CREAMWARE.jpg",441
"537","2022-6-6-567-EARTHENWARE_1.jpg",442
"646","2022-6-20-354-B,C,D,G-CREAMWARE.jpg",443
"519","2022-6-20-354-B,C,D,G-CREAMWARE.jpg",444
"125","2022-6-20-354-B,C,D,G-CREAMWARE.jpg",445
"835","2022-6-20-354-B,C,D,G-CREAMWARE.jpg",446
"673","2022-5-25-236-EARTHENWARE.jpg",447
"146","2022-7-21-313-A,B-GLASS_1.jpg",448
"237","2022-7-21-313-A,B-GLASS_1.jpg",449
"794","2022-7-22-419-EARTHENWARE.jpg",450
"861","2022-7-8-315-REDWARE.jpg",451
"1074","2022-7-28-460-A,B,C,D-GLASS_2.jpg",452
"334","2022-7-28-460-A,B,C,D-GLASS_2.jpg",453
"1012","2022-7-28-460-A,B,C,D-GLASS_2.jpg",454
"1084","2022-7-28-460-A,B,C,D-GLASS_2.jpg",455
"308","2022-8-4-475-A,B,C,D,E-GLASS.jpg",456
"186","2022-8-4-475-A,B,C,D,E-GLASS.jpg",457
"424","2022-8-4-475-A,B,C,D,E-GLASS.jpg",458
"45","2022-8-4-475-A,B,C,D,E-GLASS.jpg",459
"373","2022-8-4-475-A,B,C,D,E-GLASS.jpg",460
"1241","2022-7-14-508-D,J-PEARLWARE.jpg",461
"1232","2022-7-14-508-D,J-PEARLWARE.jpg",462
"1061","2021-6-1-4-RHENISHSTONEWARE_1.jpg",463
"1235","2022-7-5-442-REDWARE.jpg",464
"89","2022-7-8-310-D,E,F-EARTHENWARE_3.jpg",465
"92","2022-7-8-310-D,E,F-EARTHENWARE_3.jpg",466
"1075","2022-7-8-310-D,E,F-EARTHENWARE_3.jpg",467
"484","2022-5-23-200-EARTHENWARE_2.jpg",468
"896","2022-6-28-444-PORCELAIN.jpg",469
"647","2021-5-12-120-EARTHENWARE.jpg",470
"950","2022-7-27-456-CREAMWARE.jpg",471
"510","2022-7-7-349-A,B-EARTHENWARE.jpg",472
"118","2022-7-7-349-A,B-EARTHENWARE.jpg",473
"349","2022-7-11-314-A,B,C-PEARLWARE.jpg",474
"1077","2022-7-11-314-A,B,C-PEARLWARE.jpg",475
"358","2022-7-11-314-A,B,C-PEARLWARE.jpg",476
"1103","2021-6-7-23-BONE.jpg",477
"1152","2021-5-24-44-GLASS_1.jpg",478
"1240","2022-5-31-561-BONE.jpg",479
"66","2022-7-26-493-A,B-GLASS_1.jpg",480
"52","2022-7-26-493-A,B-GLASS_1.jpg",481
"717","2022-8-4-513-EARTHENWARE.jpg",482
"163","2021-10-9-521-EARTHENWARE_2.jpg",483
"533","2021-5-19-88-STONEWARE_2.jpg",484
"1057","2022-7-22-520-A,B,C-BONE_2.jpg",485
"30","2022-7-22-520-A,B,C-BONE_2.jpg",486
"787","2022-7-22-520-A,B,C-BONE_2.jpg",487
"675","2022-5-26-239-REDWARE.jpg",488
"177","2022-7-19-378-EARTHENWARE_1.jpg",489
"1183","2021-4-23-32-GLASS_1.jpg",490
"577","2022-6-10-283-PORCELAIN.jpg",491
"1128","2021-6-1-7-EARTHENWARE.jpg",492
"1182","2022-7-12-540-BONE_2.jpg",493
"213","2022-5-27-305-CREAMWARE.jpg",494
"208","2021-6-1-13-STONEWARE_1.jpg",495
"1217","2019-11-15-577-WHITEWARE_2.jpg",496
"932","2022-7-14-410-GLASS.jpg",497
"94","2022-5-27-259-EARTHENWARE_1.jpg",498
"37","2022-6-30-334-STONEWARE_1.jpg",499
"151","2022-7-12-376-GLASS.jpg",500
"387","2022-5-25-232-A,D,E,F,G-EARTHENWARE_2.jpg",501
"40","2022-5-25-232-A,D,E,F,G-EARTHENWARE_2.jpg",502
"350","2022-5-25-232-A,D,E,F,G-EARTHENWARE_2.jpg",503
"833","2022-5-25-232-A,D,E,F,G-EARTHENWARE_2.jpg",504
"1151","2022-5-25-232-A,D,E,F,G-EARTHENWARE_2.jpg",505
"1169","2022-7-22-485-PEARLWARE.jpg",506
"209","2021-5-18-20-BONE_2.jpg",507
"51","2022-8-4-474-A,B,C,D-GLASS_2.jpg",508
"287","2022-8-4-474-A,B,C,D-GLASS_2.jpg",509
"54","2022-8-4-474-A,B,C,D-GLASS_2.jpg",510
"55","2022-8-4-474-A,B,C,D-GLASS_2.jpg",511
"818","2022-7-28-425-B,C,D-CREAMWARE.jpg",512
"798","2022-7-28-425-B,C,D-CREAMWARE.jpg",513
"442","2022-7-28-425-B,C,D-CREAMWARE.jpg",514
"698","2022-7-28-430-GLASS.jpg",515
"295","2022-7-5-340-GLASS_1.jpg",516
"231","2022-5-24-198-EARTHENWARE_3.jpg",517
"252","2022-7-1-537-BONE_2.jpg",518
"740","2022-7-12-405-A,B-REDWARE.jpg",519
"462","2022-7-12-405-A,B-REDWARE.jpg",520
"478","2021-5-14-118-CERAMIC_1.jpg",521
"231","2022-5-24-198-EARTHENWARE_2.jpg",522
"385","2022-6-1-270-C,D,F,G-EARTHENWARE.jpg",523
"619","2022-6-1-270-C,D,F,G-EARTHENWARE.jpg",524
"383","2022-6-1-270-C,D,F,G-EARTHENWARE.jpg",525
"50","2022-6-1-270-C,D,F,G-EARTHENWARE.jpg",526
"372","2022-6-28-318-PEARLWARE.jpg",527
"967","2022-7-16-570-B,M-EARTHENWARE_2.jpg",528
"736","2022-7-16-570-B,M-EARTHENWARE_2.jpg",529
"1188","2022-7-14-508-B,C,E-WHITEWARE_1.jpg",530
"1191","2022-7-14-508-B,C,E-WHITEWARE_1.jpg",531
"1242","2022-7-14-508-B,C,E-WHITEWARE_1.jpg",532
"1186","2022-7-7-546-CREAMWARE.jpg",533
"812","2021-6-23-61-GLASS_1.jpg",534
"900","2021-6-1-190-REDWARE.jpg",535
"1226","2022-7-8-295-RHENISHSTONEWARE.jpg",536
"860","2022-7-22-483-A,B-EARTHENWARE.jpg",537
"1231","2022-7-22-483-A,B-EARTHENWARE.jpg",538
"1148","2021-6-1-189-CERAMIC.jpg",539
"204","2022-7-26-498-A,B-REDWARE.jpg",540
"471","2022-7-26-498-A,B-REDWARE.jpg",541
"755","2022-7-22-489-PEARLWARE.jpg",542
"758","2022-6-7-284-A,B-GLASS_1.jpg",543
"999","2022-6-7-284-A,B-GLASS_1.jpg",544
"8","2021-6-7-101-PEARLWARE.jpg",545
"273","2022-7-14-503-REDWARE.jpg",546
"127","2021-5-24-38-BONE_1.jpg",547
"429","2022-7-11-298-CREAMWARE.jpg",548
"96","2022-7-19-377-PORCELAIN.jpg",549
"53","2022-7-26-499-GLASS.jpg",550
"1108","2022-7-5-320-A,B-CREAMWARE.jpg",551
"1115","2022-7-5-320-A,B-CREAMWARE.jpg",552
"790","2022-7-27-510-PEARLWARE.jpg",553
"1014","2021-6-7-36-RHENISHSTONEWARE_1.jpg",554
"320","2022-6-30-319-A,B-GLASS.jpg",555
"1040","2022-6-30-319-A,B-GLASS.jpg",556
"533","2021-5-19-88-STONEWARE_1.jpg",557
"324","2022-6-18-263-A,B,C-RHENISHSTONEWARE_1.jpg",558
"42","2022-6-18-263-A,B,C-RHENISHSTONEWARE_1.jpg",559
"139","2022-6-18-263-A,B,C-RHENISHSTONEWARE_1.jpg",560
"1","2021-5-15-154-BONE_1.jpg",561
"877","2022-5-26-243-REDWARE_1.jpg",562
"1248","2021-6-2-137-EARTHENWARE_1.jpg",563
"295","2022-7-5-340-GLASS_2.jpg",564
"985","2022-7-28-458-A,B,C,D-PEARLWARE.jpg",565
"986","2022-7-28-458-A,B,C,D-PEARLWARE.jpg",566
"942","2022-7-28-458-A,B,C,D-PEARLWARE.jpg",567
"300","2022-7-28-458-A,B,C,D-PEARLWARE.jpg",568
"97","2022-7-7-548-A,B-GLASS.jpg",569
"106","2022-7-7-548-A,B-GLASS.jpg",570
"916","2021-6-2-179-CERAMIC_2.jpg",571
"1239","2022-6-30-448-A,B,C,D,E,F-GLASS_2.jpg",572
"285","2022-6-30-448-A,B,C,D,E,F-GLASS_2.jpg",573
"338","2022-6-30-448-A,B,C,D,E,F-GLASS_2.jpg",574
"1008","2022-6-30-448-A,B,C,D,E,F-GLASS_2.jpg",575
"1145","2022-6-30-448-A,B,C,D,E,F-GLASS_2.jpg",576
"1009","2022-6-30-448-A,B,C,D,E,F-GLASS_2.jpg",577
"975","2022-6-28-446-A,B,C-REDWARE.jpg",578
"809","2022-6-28-446-A,B,C-REDWARE.jpg",579
"749","2022-6-28-446-A,B,C-REDWARE.jpg",580
"1144","2022-7-19-312-B,C,E,F,G,H,I,J,K-CREAMWARE.jpg",581
"410","2022-7-19-312-B,C,E,F,G,H,I,J,K-CREAMWARE.jpg",582
"256","2022-7-19-312-B,C,E,F,G,H,I,J,K-CREAMWARE.jpg",583
"1063","2022-7-19-312-B,C,E,F,G,H,I,J,K-CREAMWARE.jpg",584
"720","2022-7-19-312-B,C,E,F,G,H,I,J,K-CREAMWARE.jpg",585
"1087","2022-7-19-312-B,C,E,F,G,H,I,J,K-CREAMWARE.jpg",586
"1088","2022-7-19-312-B,C,E,F,G,H,I,J,K-CREAMWARE.jpg",587
"962","2022-7-19-312-B,C,E,F,G,H,I,J,K-CREAMWARE.jpg",588
"963","2022-7-19-312-B,C,E,F,G,H,I,J,K-CREAMWARE.jpg",589
"700","2022-7-5-443-GLASS_1.jpg",590
"670","2022-6-30-449-REDWARE.jpg",591
"1091","2022-5-25-418-GLASS_2.jpg",592
"557","2022-7-8-374-REDWARE.jpg",593
"178","2022-7-21-394-A,B-GLASS_1.jpg",594
"185","2022-7-21-394-A,B-GLASS_1.jpg",595
"1175","2022-7-5-215-A,B-RHENISHSTONEWARE_1.jpg",596
"1195","2022-7-5-215-A,B-RHENISHSTONEWARE_1.jpg",597
"360","2022-7-28-462-GLASS_1.jpg",598
"203","2021-6-23-2-BONE_2.jpg",599
"623","2021-5-19-90-B-PEARLWARE.jpg",600
"340","2021-6-1-56-GLASS_2.jpg",601
"430","2022-7-22-520-D,E-BONE_2.jpg",602
"293","2022-7-22-520-D,E-BONE_2.jpg",603
"41","2021-5-12-171-PIPESTEM_2.jpg",604
"1119","2022-7-8-550-BONE.jpg",605
"1137","2022-6-20-354-A,E,F-PEARLWARE.jpg",606
"1138","2022-6-20-354-A,E,F-PEARLWARE.jpg",607
"1139","2022-6-20-354-A,E,F-PEARLWARE.jpg",608
"208","2021-6-1-13-STONEWARE_3.jpg",609
"885","2022-6-10-273-A,B-CREAMWARE.jpg",610
"886","2022-6-10-273-A,B-CREAMWARE.jpg",611
"1182","2022-7-12-540-BONE_1.jpg",612
"576","2022-7-22-424-B,C-EARTHENWARE.jpg",613
"601","2022-7-22-424-B,C-EARTHENWARE.jpg",614
"879","2022-5-24-217-PORCELAIN.jpg",615
"1057","2022-7-22-520-A,B,C-BONE_1.jpg",616
"30","2022-7-22-520-A,B,C-BONE_1.jpg",617
"787","2022-7-22-520-A,B,C-BONE_1.jpg",618
"1199","2021-4-21-74-GLASS_1.jpg",619
"993","2022-5-25-220-BONE.jpg",620
"384","2022-6-6-268-EARTHENWARE.jpg",621
"814","2022-7-7-351-A,B-PORCELAIN.jpg",622
"356","2022-7-7-351-A,B-PORCELAIN.jpg",623
"977","2022-7-5-543-CREAMWARE.jpg",624
"414","2022-7-21-395-A,B,C,D-EARTHENWARE.jpg",625
"587","2022-7-21-395-A,B,C,D-EARTHENWARE.jpg",626
"176","2022-7-21-395-A,B,C,D-EARTHENWARE.jpg",627
"1154","2022-7-21-395-A,B,C,D-EARTHENWARE.jpg",628
"478","2021-5-14-118-CERAMIC_3.jpg",629
"1187","2021-6-7-539-E,F-CREAMWARE.jpg",630
"643","2021-6-7-539-E,F-CREAMWARE.jpg",631
"1194","2021-5-19-50-EARTHENWARE_2.jpg",632
"65","2022-7-26-507-GLASS_1.jpg",633
"949","2022-6-1-531-A,B,C,D,E,F,G,H,I-REDWARE.jpg",634
"254","2022-6-1-531-A,B,C,D,E,F,G,H,I-REDWARE.jpg",635
"978","2022-6-1-531-A,B,C,D,E,F,G,H,I-REDWARE.jpg",636
"709","2022-6-1-531-A,B,C,D,E,F,G,H,I-REDWARE.jpg",637
"636","2022-6-1-531-A,B,C,D,E,F,G,H,I-REDWARE.jpg",638
"750","2022-6-1-531-A,B,C,D,E,F,G,H,I-REDWARE.jpg",639
"1083","2022-6-1-531-A,B,C,D,E,F,G,H,I-REDWARE.jpg",640
"245","2022-6-1-531-A,B,C,D,E,F,G,H,I-REDWARE.jpg",641
"246","2022-6-1-531-A,B,C,D,E,F,G,H,I-REDWARE.jpg",642
"224","2022-6-21-197-PIPESTEM.jpg",643
"374","2022-7-22-484-GLASS.jpg",644
"275","2022-5-31-529-A,B,C,D,E,F,G,H-REDWARE.jpg",645
"140","2022-5-31-529-A,B,C,D,E,F,G,H-REDWARE.jpg",646
"768","2022-5-31-529-A,B,C,D,E,F,G,H-REDWARE.jpg",647
"251","2022-5-31-529-A,B,C,D,E,F,G,H-REDWARE.jpg",648
"1011","2022-5-31-529-A,B,C,D,E,F,G,H-REDWARE.jpg",649
"829","2022-5-31-529-A,B,C,D,E,F,G,H-REDWARE.jpg",650
"463","2022-5-31-529-A,B,C,D,E,F,G,H-REDWARE.jpg",651
"948","2022-5-31-529-A,B,C,D,E,F,G,H-REDWARE.jpg",652
"117","2022-7-7-350-GLASS.jpg",653
"1201","2022-6-20-361-STONEWARE_2.jpg",654
"364","2022-6-9-575-PEARLWARE.jpg",655
"659","2022-7-26-492-A,B-CREAMWARE.jpg",656
"1078","2022-7-26-492-A,B-CREAMWARE.jpg",657
"355","2022-7-27-454-A,B-PEARLWARE.jpg",658
"249","2022-7-27-454-A,B-PEARLWARE.jpg",659
"1239","2022-6-30-448-A,B,C,D,E,F-GLASS_1.jpg",660
"285","2022-6-30-448-A,B,C,D,E,F-GLASS_1.jpg",661
"338","2022-6-30-448-A,B,C,D,E,F-GLASS_1.jpg",662
"1008","2022-6-30-448-A,B,C,D,E,F-GLASS_1.jpg",663
"1145","2022-6-30-448-A,B,C,D,E,F-GLASS_1.jpg",664
"1009","2022-6-30-448-A,B,C,D,E,F-GLASS_1.jpg",665
"486","2022-7-7-364-A,B,C-REDWARE.jpg",666
"612","2022-7-7-364-A,B,C-REDWARE.jpg",667
"1073","2022-7-7-364-A,B,C-REDWARE.jpg",668
"407","2021-5-19-48-RHENISHSTONEWARE_1.jpg",669
"83","2021-5-12-123-PIPESTEM.jpg",670
"303","2022-6-1-194-PIPESTEM.jpg",671
